abandoned_camp_map	items	item/abandoned_camp_map
acacia_boat	items	item/acacia_boat
acacia_button	blocks	block/acacia_planks
acacia_chest_boat	items	item/acacia_chest_boat
acacia_door	items	item/acacia_door
acacia_fence	blocks	block/acacia_planks
acacia_fence_gate	blocks	block/acacia_planks
acacia_hanging_sign	items	item/acacia_hanging_sign
acacia_leaves	blocks	block/acacia_leaves
acacia_log	blocks	block/acacia_log
acacia_planks	blocks	block/acacia_planks
acacia_pressure_plate	blocks	block/acacia_planks
acacia_sapling	blocks	block/acacia_sapling
acacia_shelf	blocks	block/acacia_shelf
acacia_sign	items	item/acacia_sign
acacia_slab	blocks	block/acacia_planks
acacia_stairs	blocks	block/acacia_planks
acacia_trapdoor	blocks	block/acacia_trapdoor
acacia_wood	blocks	block/acacia_log
activator_rail	blocks	block/activator_rail
allay_spawn_egg	items	item/allay_spawn_egg
allium	blocks	block/allium
amethyst_block	blocks	block/amethyst_block
amethyst_cluster	blocks	block/amethyst_cluster
amethyst_shard	items	item/amethyst_shard
ancient_debris	blocks	block/ancient_debris_side
andesite	blocks	block/andesite
andesite_slab	blocks	block/andesite
andesite_stairs	blocks	block/andesite
andesite_wall	blocks	block/andesite
angler_pottery_sherd	items	item/angler_pottery_sherd
anvil	blocks	block/anvil_top
apple	items	item/apple
archer_pottery_sherd	items	item/archer_pottery_sherd
armadillo_scute	items	item/armadillo_scute
armadillo_spawn_egg	items	item/armadillo_spawn_egg
armor_stand	items	item/armor_stand
arms_up_pottery_sherd	items	item/arms_up_pottery_sherd
arrow	items	item/arrow
axolotl_bucket	items	item/axolotl_bucket
axolotl_spawn_egg	items	item/axolotl_spawn_egg
azalea	blocks	block/azalea_side
azalea_leaves	blocks	block/azalea_leaves
azure_bluet	blocks	block/azure_bluet
baked_potato	items	item/baked_potato
bamboo	items	item/bamboo
bamboo_block	blocks	block/bamboo_block
bamboo_button	blocks	block/bamboo_planks
bamboo_chest_raft	items	item/bamboo_chest_raft
bamboo_door	items	item/bamboo_door
bamboo_fence	blocks	block/bamboo_fence
bamboo_fence_gate	blocks	block/bamboo_fence_gate
bamboo_hanging_sign	items	item/bamboo_hanging_sign
bamboo_mosaic	blocks	block/bamboo_mosaic
bamboo_mosaic_slab	blocks	block/bamboo_mosaic
bamboo_mosaic_stairs	blocks	block/bamboo_mosaic
bamboo_planks	blocks	block/bamboo_planks
bamboo_pressure_plate	blocks	block/bamboo_planks
bamboo_raft	items	item/bamboo_raft
bamboo_shelf	blocks	block/bamboo_shelf
bamboo_sign	items	item/bamboo_sign
bamboo_slab	blocks	block/bamboo_planks
bamboo_stairs	blocks	block/bamboo_planks
bamboo_trapdoor	blocks	block/bamboo_trapdoor
barrel	blocks	block/barrel_side
barrier	items	item/barrier
basalt	blocks	block/basalt_side
bat_spawn_egg	items	item/bat_spawn_egg
beacon	blocks	block/glass
bedrock	blocks	block/bedrock
bee_nest	blocks	block/bee_nest_side
bee_spawn_egg	items	item/bee_spawn_egg
beef	items	item/beef
beehive	blocks	block/beehive_side
beetroot	items	item/beetroot
beetroot_seeds	items	item/beetroot_seeds
beetroot_soup	items	item/beetroot_soup
bell	items	item/bell
big_dripleaf	blocks	block/big_dripleaf_side
birch_boat	items	item/birch_boat
birch_button	blocks	block/birch_planks
birch_chest_boat	items	item/birch_chest_boat
birch_door	items	item/birch_door
birch_fence	blocks	block/birch_planks
birch_fence_gate	blocks	block/birch_planks
birch_hanging_sign	items	item/birch_hanging_sign
birch_leaves	blocks	block/birch_leaves
birch_log	blocks	block/birch_log
birch_planks	blocks	block/birch_planks
birch_pressure_plate	blocks	block/birch_planks
birch_sapling	blocks	block/birch_sapling
birch_shelf	blocks	block/birch_shelf
birch_sign	items	item/birch_sign
birch_slab	blocks	block/birch_planks
birch_stairs	blocks	block/birch_planks
birch_trapdoor	blocks	block/birch_trapdoor
birch_wood	blocks	block/birch_log
black_bed	blocks	block/bed_head_north
black_bundle	items	item/black_bundle
black_candle	items	item/black_candle
black_carpet	blocks	block/black_wool
black_concrete	blocks	block/black_concrete
black_concrete_powder	blocks	block/black_concrete_powder
black_concrete_slab	blocks	block/black_concrete
black_concrete_stairs	blocks	block/black_concrete
black_cushion	items	item/black_cushion
black_dye	items	item/black_dye
black_glazed_terracotta	blocks	block/black_glazed_terracotta
black_harness	items	item/black_harness
black_stained_glass	blocks	block/black_stained_glass
black_stained_glass_pane	blocks	block/black_stained_glass
black_terracotta	blocks	block/black_terracotta
black_wool	blocks	block/black_wool
black_wool_slab	blocks	block/black_wool
black_wool_stairs	blocks	block/black_wool
blackstone	blocks	block/blackstone
blackstone_slab	blocks	block/blackstone
blackstone_stairs	blocks	block/blackstone
blackstone_wall	blocks	block/blackstone
blade_pottery_sherd	items	item/blade_pottery_sherd
blast_furnace	blocks	block/blast_furnace_side
blaze_powder	items	item/blaze_powder
blaze_rod	items	item/blaze_rod
blaze_spawn_egg	items	item/blaze_spawn_egg
blue_bed	blocks	block/bed_head_north
blue_bundle	items	item/blue_bundle
blue_candle	items	item/blue_candle
blue_carpet	blocks	block/blue_wool
blue_concrete	blocks	block/blue_concrete
blue_concrete_powder	blocks	block/blue_concrete_powder
blue_concrete_slab	blocks	block/blue_concrete
blue_concrete_stairs	blocks	block/blue_concrete
blue_cushion	items	item/blue_cushion
blue_dye	items	item/blue_dye
blue_egg	items	item/blue_egg
blue_glazed_terracotta	blocks	block/blue_glazed_terracotta
blue_harness	items	item/blue_harness
blue_ice	blocks	block/blue_ice
blue_orchid	blocks	block/blue_orchid
blue_stained_glass	blocks	block/blue_stained_glass
blue_stained_glass_pane	blocks	block/blue_stained_glass
blue_terracotta	blocks	block/blue_terracotta
blue_wool	blocks	block/blue_wool
blue_wool_slab	blocks	block/blue_wool
blue_wool_stairs	blocks	block/blue_wool
bogged_spawn_egg	items	item/bogged_spawn_egg
bolt_armor_trim_smithing_template	items	item/bolt_armor_trim_smithing_template
bone	items	item/bone
bone_block	blocks	block/bone_block_side
bone_meal	items	item/bone_meal
book	items	item/book
bookshelf	blocks	block/bookshelf
bordure_indented_banner_pattern	items	item/bordure_indented_banner_pattern
bow	items	item/bow
bowl	items	item/bowl
brain_coral	blocks	block/brain_coral
brain_coral_block	blocks	block/brain_coral_block
brain_coral_fan	blocks	block/brain_coral_fan
bread	items	item/bread
breeze_rod	items	item/breeze_rod
breeze_spawn_egg	items	item/breeze_spawn_egg
brewer_pottery_sherd	items	item/brewer_pottery_sherd
brewing_stand	items	item/brewing_stand
brick	items	item/brick
brick_slab	blocks	block/bricks
brick_stairs	blocks	block/bricks
brick_wall	blocks	block/bricks
bricks	blocks	block/bricks
brown_bed	blocks	block/bed_head_north
brown_bundle	items	item/brown_bundle
brown_candle	items	item/brown_candle
brown_carpet	blocks	block/brown_wool
brown_concrete	blocks	block/brown_concrete
brown_concrete_powder	blocks	block/brown_concrete_powder
brown_concrete_slab	blocks	block/brown_concrete
brown_concrete_stairs	blocks	block/brown_concrete
brown_cushion	items	item/brown_cushion
brown_dye	items	item/brown_dye
brown_egg	items	item/brown_egg
brown_glazed_terracotta	blocks	block/brown_glazed_terracotta
brown_harness	items	item/brown_harness
brown_mushroom	blocks	block/brown_mushroom
brown_mushroom_block	blocks	block/brown_mushroom_block
brown_stained_glass	blocks	block/brown_stained_glass
brown_stained_glass_pane	blocks	block/brown_stained_glass
brown_terracotta	blocks	block/brown_terracotta
brown_wool	blocks	block/brown_wool
brown_wool_slab	blocks	block/brown_wool
brown_wool_stairs	blocks	block/brown_wool
brush	items	item/brush
bubble_coral	blocks	block/bubble_coral
bubble_coral_block	blocks	block/bubble_coral_block
bubble_coral_fan	blocks	block/bubble_coral_fan
bucket	items	item/bucket
budding_amethyst	blocks	block/budding_amethyst
bundle	items	item/bundle
buried_ancient_city_map	items	item/buried_ancient_city_map
buried_mineshaft_map	items	item/buried_mineshaft_map
buried_treasure_map	items	item/buried_treasure_map
buried_trial_chambers_map	items	item/buried_trial_chambers_map
burn_pottery_sherd	items	item/burn_pottery_sherd
bush	blocks	block/bush
cactus	blocks	block/cactus_side
cactus_flower	blocks	block/cactus_flower
cake	items	item/cake
calcite	blocks	block/calcite
calibrated_sculk_sensor	blocks	block/sculk_sensor_side
camel_husk_spawn_egg	items	item/camel_husk_spawn_egg
camel_spawn_egg	items	item/camel_spawn_egg
campfire	items	item/campfire
candle	items	item/candle
carrot	items	item/carrot
carrot_on_a_stick	items	item/carrot_on_a_stick
cartography_table	blocks	block/cartography_table_side3
carved_pumpkin	blocks	block/pumpkin_side
cat_spawn_egg	items	item/cat_spawn_egg
cauldron	items	item/cauldron
cave_spider_spawn_egg	items	item/cave_spider_spawn_egg
chain_command_block	blocks	block/chain_command_block_side
chainmail_boots	items	item/chainmail_boots
chainmail_chestplate	items	item/chainmail_chestplate
chainmail_helmet	items	item/chainmail_helmet
chainmail_leggings	items	item/chainmail_leggings
charcoal	items	item/charcoal
cherry_boat	items	item/cherry_boat
cherry_button	blocks	block/cherry_planks
cherry_chest_boat	items	item/cherry_chest_boat
cherry_door	items	item/cherry_door
cherry_fence	blocks	block/cherry_planks
cherry_fence_gate	blocks	block/cherry_planks
cherry_hanging_sign	items	item/cherry_hanging_sign
cherry_leaves	blocks	block/cherry_leaves
cherry_log	blocks	block/cherry_log
cherry_planks	blocks	block/cherry_planks
cherry_pressure_plate	blocks	block/cherry_planks
cherry_sapling	blocks	block/cherry_sapling
cherry_shelf	blocks	block/cherry_shelf
cherry_sign	items	item/cherry_sign
cherry_slab	blocks	block/cherry_planks
cherry_stairs	blocks	block/cherry_planks
cherry_trapdoor	blocks	block/cherry_trapdoor
cherry_wood	blocks	block/cherry_log
chest_minecart	items	item/chest_minecart
chicken	items	item/chicken
chicken_spawn_egg	items	item/chicken_spawn_egg
chipped_anvil	blocks	block/chipped_anvil_top
chiseled_bookshelf	blocks	block/chiseled_bookshelf_side
chiseled_cinnabar	blocks	block/chiseled_cinnabar
chiseled_copper	blocks	block/chiseled_copper
chiseled_deepslate	blocks	block/chiseled_deepslate
chiseled_nether_bricks	blocks	block/chiseled_nether_bricks
chiseled_polished_blackstone	blocks	block/chiseled_polished_blackstone
chiseled_quartz_block	blocks	block/chiseled_quartz_block
chiseled_red_sandstone	blocks	block/chiseled_red_sandstone
chiseled_resin_bricks	blocks	block/chiseled_resin_bricks
chiseled_sandstone	blocks	block/chiseled_sandstone
chiseled_stone_bricks	blocks	block/chiseled_stone_bricks
chiseled_sulfur	blocks	block/chiseled_sulfur
chiseled_tuff	blocks	block/chiseled_tuff
chiseled_tuff_bricks	blocks	block/chiseled_tuff_bricks
chorus_flower	blocks	block/chorus_flower
chorus_fruit	items	item/chorus_fruit
chorus_plant	blocks	block/chorus_plant
cinnabar	blocks	block/cinnabar
cinnabar_brick_slab	blocks	block/cinnabar_bricks
cinnabar_brick_stairs	blocks	block/cinnabar_bricks
cinnabar_brick_wall	blocks	block/cinnabar_bricks
cinnabar_bricks	blocks	block/cinnabar_bricks
cinnabar_slab	blocks	block/cinnabar
cinnabar_stairs	blocks	block/cinnabar
cinnabar_wall	blocks	block/cinnabar
clay	blocks	block/clay
clay_ball	items	item/clay_ball
clock	items	item/clock_00
closed_eyeblossom	blocks	block/closed_eyeblossom
coal	items	item/coal
coal_block	blocks	block/coal_block
coal_ore	blocks	block/coal_ore
coarse_dirt	blocks	block/coarse_dirt
coast_armor_trim_smithing_template	items	item/coast_armor_trim_smithing_template
cobbled_deepslate	blocks	block/cobbled_deepslate
cobbled_deepslate_slab	blocks	block/cobbled_deepslate
cobbled_deepslate_stairs	blocks	block/cobbled_deepslate
cobbled_deepslate_wall	blocks	block/cobbled_deepslate
cobblestone	blocks	block/cobblestone
cobblestone_slab	blocks	block/cobblestone
cobblestone_stairs	blocks	block/cobblestone
cobblestone_wall	blocks	block/cobblestone
cobweb	blocks	block/cobweb
cocoa_beans	items	item/cocoa_beans
cod	items	item/cod
cod_bucket	items	item/cod_bucket
cod_spawn_egg	items	item/cod_spawn_egg
command_block	blocks	block/command_block_side
command_block_minecart	items	item/command_block_minecart
comparator	items	item/comparator
compass	items	item/compass_16
composter	blocks	block/composter_side
cooked_beef	items	item/cooked_beef
cooked_chicken	items	item/cooked_chicken
cooked_cod	items	item/cooked_cod
cooked_mutton	items	item/cooked_mutton
cooked_porkchop	items	item/cooked_porkchop
cooked_rabbit	items	item/cooked_rabbit
cooked_salmon	items	item/cooked_salmon
cookie	items	item/cookie
copper_axe	items	item/copper_axe
copper_bars	blocks	block/copper_bars
copper_block	blocks	block/copper_block
copper_boots	items	item/copper_boots
copper_bulb	blocks	block/copper_bulb
copper_chain	items	item/copper_chain
copper_chestplate	items	item/copper_chestplate
copper_door	items	item/copper_door
copper_golem_spawn_egg	items	item/copper_golem_spawn_egg
copper_grate	blocks	block/copper_grate
copper_helmet	items	item/copper_helmet
copper_hoe	items	item/copper_hoe
copper_horse_armor	items	item/copper_horse_armor
copper_ingot	items	item/copper_ingot
copper_lantern	items	item/copper_lantern
copper_leggings	items	item/copper_leggings
copper_nautilus_armor	items	item/copper_nautilus_armor
copper_nugget	items	item/copper_nugget
copper_ore	blocks	block/copper_ore
copper_pickaxe	items	item/copper_pickaxe
copper_shovel	items	item/copper_shovel
copper_spear	items	item/copper_spear
copper_sword	items	item/copper_sword
copper_torch	blocks	block/copper_torch
copper_trapdoor	blocks	block/copper_trapdoor
cornflower	blocks	block/cornflower
cow_spawn_egg	items	item/cow_spawn_egg
cracked_deepslate_bricks	blocks	block/cracked_deepslate_bricks
cracked_deepslate_tiles	blocks	block/cracked_deepslate_tiles
cracked_nether_bricks	blocks	block/cracked_nether_bricks
cracked_polished_blackstone_bricks	blocks	block/cracked_polished_blackstone_bricks
cracked_stone_bricks	blocks	block/cracked_stone_bricks
crafter	blocks	block/crafter_top
crafting_table	blocks	block/crafting_table_front
creaking_heart	blocks	block/creaking_heart
creaking_spawn_egg	items	item/creaking_spawn_egg
creeper_banner_pattern	items	item/creeper_banner_pattern
creeper_spawn_egg	items	item/creeper_spawn_egg
crimson_button	blocks	block/crimson_planks
crimson_door	items	item/crimson_door
crimson_fence	blocks	block/crimson_planks
crimson_fence_gate	blocks	block/crimson_planks
crimson_fungus	blocks	block/crimson_fungus
crimson_hanging_sign	items	item/crimson_hanging_sign
crimson_hyphae	blocks	block/crimson_stem
crimson_nylium	blocks	block/crimson_nylium_side
crimson_planks	blocks	block/crimson_planks
crimson_pressure_plate	blocks	block/crimson_planks
crimson_roots	blocks	block/crimson_roots
crimson_shelf	blocks	block/crimson_shelf
crimson_sign	items	item/crimson_sign
crimson_slab	blocks	block/crimson_planks
crimson_stairs	blocks	block/crimson_planks
crimson_stem	blocks	block/crimson_stem
crimson_trapdoor	blocks	block/crimson_trapdoor
crossbow	items	item/crossbow_standby
crying_obsidian	blocks	block/crying_obsidian
cut_copper	blocks	block/cut_copper
cut_copper_slab	blocks	block/cut_copper
cut_copper_stairs	blocks	block/cut_copper
cut_red_sandstone	blocks	block/cut_red_sandstone
cut_red_sandstone_slab	blocks	block/cut_red_sandstone
cut_sandstone	blocks	block/cut_sandstone
cut_sandstone_slab	blocks	block/cut_sandstone
cyan_bed	blocks	block/bed_head_north
cyan_bundle	items	item/cyan_bundle
cyan_candle	items	item/cyan_candle
cyan_carpet	blocks	block/cyan_wool
cyan_concrete	blocks	block/cyan_concrete
cyan_concrete_powder	blocks	block/cyan_concrete_powder
cyan_concrete_slab	blocks	block/cyan_concrete
cyan_concrete_stairs	blocks	block/cyan_concrete
cyan_cushion	items	item/cyan_cushion
cyan_dye	items	item/cyan_dye
cyan_glazed_terracotta	blocks	block/cyan_glazed_terracotta
cyan_harness	items	item/cyan_harness
cyan_stained_glass	blocks	block/cyan_stained_glass
cyan_stained_glass_pane	blocks	block/cyan_stained_glass
cyan_terracotta	blocks	block/cyan_terracotta
cyan_wool	blocks	block/cyan_wool
cyan_wool_slab	blocks	block/cyan_wool
cyan_wool_stairs	blocks	block/cyan_wool
damaged_anvil	blocks	block/damaged_anvil_top
dandelion	blocks	block/dandelion
danger_pottery_sherd	items	item/danger_pottery_sherd
dark_oak_boat	items	item/dark_oak_boat
dark_oak_button	blocks	block/dark_oak_planks
dark_oak_chest_boat	items	item/dark_oak_chest_boat
dark_oak_door	items	item/dark_oak_door
dark_oak_fence	blocks	block/dark_oak_planks
dark_oak_fence_gate	blocks	block/dark_oak_planks
dark_oak_hanging_sign	items	item/dark_oak_hanging_sign
dark_oak_leaves	blocks	block/dark_oak_leaves
dark_oak_log	blocks	block/dark_oak_log
dark_oak_planks	blocks	block/dark_oak_planks
dark_oak_pressure_plate	blocks	block/dark_oak_planks
dark_oak_sapling	blocks	block/dark_oak_sapling
dark_oak_shelf	blocks	block/dark_oak_shelf
dark_oak_sign	items	item/dark_oak_sign
dark_oak_slab	blocks	block/dark_oak_planks
dark_oak_stairs	blocks	block/dark_oak_planks
dark_oak_trapdoor	blocks	block/dark_oak_trapdoor
dark_oak_wood	blocks	block/dark_oak_log
dark_prismarine	blocks	block/dark_prismarine
dark_prismarine_slab	blocks	block/dark_prismarine
dark_prismarine_stairs	blocks	block/dark_prismarine
daylight_detector	blocks	block/daylight_detector_side
dead_brain_coral	blocks	block/dead_brain_coral
dead_brain_coral_block	blocks	block/dead_brain_coral_block
dead_brain_coral_fan	blocks	block/dead_brain_coral_fan
dead_bubble_coral	blocks	block/dead_bubble_coral
dead_bubble_coral_block	blocks	block/dead_bubble_coral_block
dead_bubble_coral_fan	blocks	block/dead_bubble_coral_fan
dead_bush	blocks	block/dead_bush
dead_fire_coral	blocks	block/dead_fire_coral
dead_fire_coral_block	blocks	block/dead_fire_coral_block
dead_fire_coral_fan	blocks	block/dead_fire_coral_fan
dead_horn_coral	blocks	block/dead_horn_coral
dead_horn_coral_block	blocks	block/dead_horn_coral_block
dead_horn_coral_fan	blocks	block/dead_horn_coral_fan
dead_tube_coral	blocks	block/dead_tube_coral
dead_tube_coral_block	blocks	block/dead_tube_coral_block
dead_tube_coral_fan	blocks	block/dead_tube_coral_fan
debug_stick	items	item/stick
deepslate	blocks	block/deepslate
deepslate_brick_slab	blocks	block/deepslate_bricks
deepslate_brick_stairs	blocks	block/deepslate_bricks
deepslate_brick_wall	blocks	block/deepslate_bricks
deepslate_bricks	blocks	block/deepslate_bricks
deepslate_coal_ore	blocks	block/deepslate_coal_ore
deepslate_copper_ore	blocks	block/deepslate_copper_ore
deepslate_diamond_ore	blocks	block/deepslate_diamond_ore
deepslate_emerald_ore	blocks	block/deepslate_emerald_ore
deepslate_gold_ore	blocks	block/deepslate_gold_ore
deepslate_iron_ore	blocks	block/deepslate_iron_ore
deepslate_lapis_ore	blocks	block/deepslate_lapis_ore
deepslate_redstone_ore	blocks	block/deepslate_redstone_ore
deepslate_tile_slab	blocks	block/deepslate_tiles
deepslate_tile_stairs	blocks	block/deepslate_tiles
deepslate_tile_wall	blocks	block/deepslate_tiles
deepslate_tiles	blocks	block/deepslate_tiles
desert_pyramid_map	items	item/desert_pyramid_map
desert_village_map	items	item/desert_village_map
detector_rail	blocks	block/detector_rail
diamond	items	item/diamond
diamond_axe	items	item/diamond_axe
diamond_block	blocks	block/diamond_block
diamond_boots	items	item/diamond_boots
diamond_chestplate	items	item/diamond_chestplate
diamond_helmet	items	item/diamond_helmet
diamond_hoe	items	item/diamond_hoe
diamond_horse_armor	items	item/diamond_horse_armor
diamond_leggings	items	item/diamond_leggings
diamond_nautilus_armor	items	item/diamond_nautilus_armor
diamond_ore	blocks	block/diamond_ore
diamond_pickaxe	items	item/diamond_pickaxe
diamond_shovel	items	item/diamond_shovel
diamond_spear	items	item/diamond_spear
diamond_sword	items	item/diamond_sword
diorite	blocks	block/diorite
diorite_slab	blocks	block/diorite
diorite_stairs	blocks	block/diorite
diorite_wall	blocks	block/diorite
dirt	blocks	block/dirt
dirt_path	blocks	block/dirt_path_side
disc_fragment_5	items	item/disc_fragment_5
dispenser	blocks	block/furnace_side
dolphin_spawn_egg	items	item/dolphin_spawn_egg
donkey_spawn_egg	items	item/donkey_spawn_egg
dragon_breath	items	item/dragon_breath
dragon_egg	blocks	block/dragon_egg
dried_ghast	blocks	block/dried_ghast_hydration_0_top
dried_kelp	items	item/dried_kelp
dried_kelp_block	blocks	block/dried_kelp_side
dripstone_block	blocks	block/dripstone_block
dropper	blocks	block/furnace_side
drowned_spawn_egg	items	item/drowned_spawn_egg
dune_armor_trim_smithing_template	items	item/dune_armor_trim_smithing_template
echo_shard	items	item/echo_shard
egg	items	item/egg
elder_guardian_spawn_egg	items	item/elder_guardian_spawn_egg
elytra	items	item/elytra
emerald	items	item/emerald
emerald_block	blocks	block/emerald_block
emerald_ore	blocks	block/emerald_ore
enchanted_book	items	item/enchanted_book
enchanted_golden_apple	items	item/golden_apple
enchanting_table	blocks	block/enchanting_table_side
end_crystal	items	item/end_crystal
end_portal_frame	blocks	block/end_portal_frame_side
end_rod	blocks	block/end_rod
end_stone	blocks	block/end_stone
end_stone_brick_slab	blocks	block/end_stone_bricks
end_stone_brick_stairs	blocks	block/end_stone_bricks
end_stone_brick_wall	blocks	block/end_stone_bricks
end_stone_bricks	blocks	block/end_stone_bricks
ender_dragon_spawn_egg	items	item/ender_dragon_spawn_egg
ender_eye	items	item/ender_eye
ender_pearl	items	item/ender_pearl
enderman_spawn_egg	items	item/enderman_spawn_egg
endermite_spawn_egg	items	item/endermite_spawn_egg
evoker_spawn_egg	items	item/evoker_spawn_egg
experience_bottle	items	item/experience_bottle
explorer_pottery_sherd	items	item/explorer_pottery_sherd
exposed_chiseled_copper	blocks	block/exposed_chiseled_copper
exposed_copper	blocks	block/exposed_copper
exposed_copper_bars	blocks	block/exposed_copper_bars
exposed_copper_bulb	blocks	block/exposed_copper_bulb
exposed_copper_chain	items	item/exposed_copper_chain
exposed_copper_door	items	item/exposed_copper_door
exposed_copper_grate	blocks	block/exposed_copper_grate
exposed_copper_lantern	items	item/exposed_copper_lantern
exposed_copper_trapdoor	blocks	block/exposed_copper_trapdoor
exposed_cut_copper	blocks	block/exposed_cut_copper
exposed_cut_copper_slab	blocks	block/exposed_cut_copper
exposed_cut_copper_stairs	blocks	block/exposed_cut_copper
exposed_lightning_rod	blocks	block/exposed_lightning_rod
eye_armor_trim_smithing_template	items	item/eye_armor_trim_smithing_template
farmland	blocks	block/dirt
feather	items	item/feather
fermented_spider_eye	items	item/fermented_spider_eye
fern	blocks	block/fern
field_masoned_banner_pattern	items	item/field_masoned_banner_pattern
filled_map	items	item/filled_map
fire_charge	items	item/fire_charge
fire_coral	blocks	block/fire_coral
fire_coral_block	blocks	block/fire_coral_block
fire_coral_fan	blocks	block/fire_coral_fan
firefly_bush	items	item/firefly_bush
firework_rocket	items	item/firework_rocket
firework_star	items	item/firework_star
fishing_rod	items	item/fishing_rod
fletching_table	blocks	block/fletching_table_front
flint	items	item/flint
flint_and_steel	items	item/flint_and_steel
flow_armor_trim_smithing_template	items	item/flow_armor_trim_smithing_template
flow_banner_pattern	items	item/flow_banner_pattern
flow_pottery_sherd	items	item/flow_pottery_sherd
flower_banner_pattern	items	item/flower_banner_pattern
flower_pot	items	item/flower_pot
flowering_azalea	blocks	block/flowering_azalea_side
flowering_azalea_leaves	blocks	block/flowering_azalea_leaves
fox_spawn_egg	items	item/fox_spawn_egg
friend_pottery_sherd	items	item/friend_pottery_sherd
frog_spawn_egg	items	item/frog_spawn_egg
frogspawn	blocks	block/frogspawn
furnace	blocks	block/furnace_side
furnace_minecart	items	item/furnace_minecart
ghast_spawn_egg	items	item/ghast_spawn_egg
ghast_tear	items	item/ghast_tear
gilded_blackstone	blocks	block/gilded_blackstone
glass	blocks	block/glass
glass_bottle	items	item/glass_bottle
glass_pane	blocks	block/glass
glistering_melon_slice	items	item/glistering_melon_slice
globe_banner_pattern	items	item/globe_banner_pattern
glow_berries	items	item/glow_berries
glow_ink_sac	items	item/glow_ink_sac
glow_item_frame	items	item/glow_item_frame
glow_lichen	blocks	block/glow_lichen
glow_squid_spawn_egg	items	item/glow_squid_spawn_egg
glowstone	blocks	block/glowstone
glowstone_dust	items	item/glowstone_dust
goat_horn	items	item/goat_horn
goat_spawn_egg	items	item/goat_spawn_egg
gold_block	blocks	block/gold_block
gold_ingot	items	item/gold_ingot
gold_nugget	items	item/gold_nugget
gold_ore	blocks	block/gold_ore
golden_apple	items	item/golden_apple
golden_axe	items	item/golden_axe
golden_boots	items	item/golden_boots
golden_carrot	items	item/golden_carrot
golden_chestplate	items	item/golden_chestplate
golden_dandelion	blocks	block/golden_dandelion
golden_helmet	items	item/golden_helmet
golden_hoe	items	item/golden_hoe
golden_horse_armor	items	item/golden_horse_armor
golden_leggings	items	item/golden_leggings
golden_nautilus_armor	items	item/golden_nautilus_armor
golden_pickaxe	items	item/golden_pickaxe
golden_shovel	items	item/golden_shovel
golden_spear	items	item/golden_spear
golden_sword	items	item/golden_sword
granite	blocks	block/granite
granite_slab	blocks	block/granite
granite_stairs	blocks	block/granite
granite_wall	blocks	block/granite
grass_block	blocks	block/grass_block_side
gravel	blocks	block/gravel
gray_bed	blocks	block/bed_head_north
gray_bundle	items	item/gray_bundle
gray_candle	items	item/gray_candle
gray_carpet	blocks	block/gray_wool
gray_concrete	blocks	block/gray_concrete
gray_concrete_powder	blocks	block/gray_concrete_powder
gray_concrete_slab	blocks	block/gray_concrete
gray_concrete_stairs	blocks	block/gray_concrete
gray_cushion	items	item/gray_cushion
gray_dye	items	item/gray_dye
gray_glazed_terracotta	blocks	block/gray_glazed_terracotta
gray_harness	items	item/gray_harness
gray_stained_glass	blocks	block/gray_stained_glass
gray_stained_glass_pane	blocks	block/gray_stained_glass
gray_terracotta	blocks	block/gray_terracotta
gray_wool	blocks	block/gray_wool
gray_wool_slab	blocks	block/gray_wool
gray_wool_stairs	blocks	block/gray_wool
green_bed	blocks	block/bed_head_north
green_bundle	items	item/green_bundle
green_candle	items	item/green_candle
green_carpet	blocks	block/green_wool
green_concrete	blocks	block/green_concrete
green_concrete_powder	blocks	block/green_concrete_powder
green_concrete_slab	blocks	block/green_concrete
green_concrete_stairs	blocks	block/green_concrete
green_cushion	items	item/green_cushion
green_dye	items	item/green_dye
green_glazed_terracotta	blocks	block/green_glazed_terracotta
green_harness	items	item/green_harness
green_stained_glass	blocks	block/green_stained_glass
green_stained_glass_pane	blocks	block/green_stained_glass
green_terracotta	blocks	block/green_terracotta
green_wool	blocks	block/green_wool
green_wool_slab	blocks	block/green_wool
green_wool_stairs	blocks	block/green_wool
grindstone	blocks	block/grindstone_side
guardian_spawn_egg	items	item/guardian_spawn_egg
gunpowder	items	item/gunpowder
guster_banner_pattern	items	item/guster_banner_pattern
guster_pottery_sherd	items	item/guster_pottery_sherd
hanging_roots	blocks	block/hanging_roots
happy_ghast_spawn_egg	items	item/happy_ghast_spawn_egg
hay_block	blocks	block/hay_block_side
heart_of_the_sea	items	item/heart_of_the_sea
heart_pottery_sherd	items	item/heart_pottery_sherd
heartbreak_pottery_sherd	items	item/heartbreak_pottery_sherd
heavy_core	blocks	block/heavy_core
heavy_weighted_pressure_plate	blocks	block/iron_block
hoglin_spawn_egg	items	item/hoglin_spawn_egg
honey_block	blocks	block/honey_block_side
honey_bottle	items	item/honey_bottle
honeycomb	items	item/honeycomb
honeycomb_block	blocks	block/honeycomb_block
hopper	items	item/hopper
hopper_minecart	items	item/hopper_minecart
horn_coral	blocks	block/horn_coral
horn_coral_block	blocks	block/horn_coral_block
horn_coral_fan	blocks	block/horn_coral_fan
horse_spawn_egg	items	item/horse_spawn_egg
host_armor_trim_smithing_template	items	item/host_armor_trim_smithing_template
howl_pottery_sherd	items	item/howl_pottery_sherd
husk_spawn_egg	items	item/husk_spawn_egg
ice	blocks	block/ice
infested_chiseled_stone_bricks	blocks	block/chiseled_stone_bricks
infested_cobblestone	blocks	block/cobblestone
infested_cracked_stone_bricks	blocks	block/cracked_stone_bricks
infested_deepslate	blocks	block/deepslate
infested_mossy_stone_bricks	blocks	block/mossy_stone_bricks
infested_stone	blocks	block/stone
infested_stone_bricks	blocks	block/stone_bricks
ink_sac	items	item/ink_sac
iron_axe	items	item/iron_axe
iron_bars	blocks	block/iron_bars
iron_block	blocks	block/iron_block
iron_boots	items	item/iron_boots
iron_chain	items	item/iron_chain
iron_chestplate	items	item/iron_chestplate
iron_door	items	item/iron_door
iron_golem_spawn_egg	items	item/iron_golem_spawn_egg
iron_helmet	items	item/iron_helmet
iron_hoe	items	item/iron_hoe
iron_horse_armor	items	item/iron_horse_armor
iron_ingot	items	item/iron_ingot
iron_leggings	items	item/iron_leggings
iron_nautilus_armor	items	item/iron_nautilus_armor
iron_nugget	items	item/iron_nugget
iron_ore	blocks	block/iron_ore
iron_pickaxe	items	item/iron_pickaxe
iron_shovel	items	item/iron_shovel
iron_spear	items	item/iron_spear
iron_sword	items	item/iron_sword
iron_trapdoor	blocks	block/iron_trapdoor
item_frame	items	item/item_frame
jack_o_lantern	blocks	block/pumpkin_side
jigsaw	blocks	block/jigsaw_top
jukebox	blocks	block/jukebox_side
jungle_boat	items	item/jungle_boat
jungle_button	blocks	block/jungle_planks
jungle_chest_boat	items	item/jungle_chest_boat
jungle_door	items	item/jungle_door
jungle_fence	blocks	block/jungle_planks
jungle_fence_gate	blocks	block/jungle_planks
jungle_hanging_sign	items	item/jungle_hanging_sign
jungle_leaves	blocks	block/jungle_leaves
jungle_log	blocks	block/jungle_log
jungle_planks	blocks	block/jungle_planks
jungle_pressure_plate	blocks	block/jungle_planks
jungle_pyramid_map	items	item/jungle_pyramid_map
jungle_sapling	blocks	block/jungle_sapling
jungle_shelf	blocks	block/jungle_shelf
jungle_sign	items	item/jungle_sign
jungle_slab	blocks	block/jungle_planks
jungle_stairs	blocks	block/jungle_planks
jungle_trapdoor	blocks	block/jungle_trapdoor
jungle_wood	blocks	block/jungle_log
kelp	items	item/kelp
knowledge_book	items	item/knowledge_book
ladder	blocks	block/ladder
lantern	items	item/lantern
lapis_block	blocks	block/lapis_block
lapis_lazuli	items	item/lapis_lazuli
lapis_ore	blocks	block/lapis_ore
large_amethyst_bud	blocks	block/large_amethyst_bud
large_fern	blocks	block/large_fern_top
lava_bucket	items	item/lava_bucket
lead	items	item/lead
leaf_litter	items	item/leaf_litter
leather	items	item/leather
leather_boots	items	item/leather_boots
leather_chestplate	items	item/leather_chestplate
leather_helmet	items	item/leather_helmet
leather_horse_armor	items	item/leather_horse_armor
leather_leggings	items	item/leather_leggings
lectern	blocks	block/lectern_front
lever	blocks	block/lever
light	items	item/light_15
light_blue_bed	blocks	block/bed_head_north
light_blue_bundle	items	item/light_blue_bundle
light_blue_candle	items	item/light_blue_candle
light_blue_carpet	blocks	block/light_blue_wool
light_blue_concrete	blocks	block/light_blue_concrete
light_blue_concrete_powder	blocks	block/light_blue_concrete_powder
light_blue_concrete_slab	blocks	block/light_blue_concrete
light_blue_concrete_stairs	blocks	block/light_blue_concrete
light_blue_cushion	items	item/light_blue_cushion
light_blue_dye	items	item/light_blue_dye
light_blue_glazed_terracotta	blocks	block/light_blue_glazed_terracotta
light_blue_harness	items	item/light_blue_harness
light_blue_stained_glass	blocks	block/light_blue_stained_glass
light_blue_stained_glass_pane	blocks	block/light_blue_stained_glass
light_blue_terracotta	blocks	block/light_blue_terracotta
light_blue_wool	blocks	block/light_blue_wool
light_blue_wool_slab	blocks	block/light_blue_wool
light_blue_wool_stairs	blocks	block/light_blue_wool
light_gray_bed	blocks	block/bed_head_north
light_gray_bundle	items	item/light_gray_bundle
light_gray_candle	items	item/light_gray_candle
light_gray_carpet	blocks	block/light_gray_wool
light_gray_concrete	blocks	block/light_gray_concrete
light_gray_concrete_powder	blocks	block/light_gray_concrete_powder
light_gray_concrete_slab	blocks	block/light_gray_concrete
light_gray_concrete_stairs	blocks	block/light_gray_concrete
light_gray_cushion	items	item/light_gray_cushion
light_gray_dye	items	item/light_gray_dye
light_gray_glazed_terracotta	blocks	block/light_gray_glazed_terracotta
light_gray_harness	items	item/light_gray_harness
light_gray_stained_glass	blocks	block/light_gray_stained_glass
light_gray_stained_glass_pane	blocks	block/light_gray_stained_glass
light_gray_terracotta	blocks	block/light_gray_terracotta
light_gray_wool	blocks	block/light_gray_wool
light_gray_wool_slab	blocks	block/light_gray_wool
light_gray_wool_stairs	blocks	block/light_gray_wool
light_weighted_pressure_plate	blocks	block/gold_block
lightning_rod	blocks	block/lightning_rod
lilac	blocks	block/lilac_top
lily_of_the_valley	blocks	block/lily_of_the_valley
lily_pad	blocks	block/lily_pad
lime_bed	blocks	block/bed_head_north
lime_bundle	items	item/lime_bundle
lime_candle	items	item/lime_candle
lime_carpet	blocks	block/lime_wool
lime_concrete	blocks	block/lime_concrete
lime_concrete_powder	blocks	block/lime_concrete_powder
lime_concrete_slab	blocks	block/lime_concrete
lime_concrete_stairs	blocks	block/lime_concrete
lime_cushion	items	item/lime_cushion
lime_dye	items	item/lime_dye
lime_glazed_terracotta	blocks	block/lime_glazed_terracotta
lime_harness	items	item/lime_harness
lime_stained_glass	blocks	block/lime_stained_glass
lime_stained_glass_pane	blocks	block/lime_stained_glass
lime_terracotta	blocks	block/lime_terracotta
lime_wool	blocks	block/lime_wool
lime_wool_slab	blocks	block/lime_wool
lime_wool_stairs	blocks	block/lime_wool
lingering_potion	items	item/lingering_potion
llama_spawn_egg	items	item/llama_spawn_egg
lodestone	blocks	block/lodestone_side
loom	blocks	block/loom_side
mace	items	item/mace
magenta_bed	blocks	block/bed_head_north
magenta_bundle	items	item/magenta_bundle
magenta_candle	items	item/magenta_candle
magenta_carpet	blocks	block/magenta_wool
magenta_concrete	blocks	block/magenta_concrete
magenta_concrete_powder	blocks	block/magenta_concrete_powder
magenta_concrete_slab	blocks	block/magenta_concrete
magenta_concrete_stairs	blocks	block/magenta_concrete
magenta_cushion	items	item/magenta_cushion
magenta_dye	items	item/magenta_dye
magenta_glazed_terracotta	blocks	block/magenta_glazed_terracotta
magenta_harness	items	item/magenta_harness
magenta_stained_glass	blocks	block/magenta_stained_glass
magenta_stained_glass_pane	blocks	block/magenta_stained_glass
magenta_terracotta	blocks	block/magenta_terracotta
magenta_wool	blocks	block/magenta_wool
magenta_wool_slab	blocks	block/magenta_wool
magenta_wool_stairs	blocks	block/magenta_wool
magma_block	blocks	block/magma
magma_cream	items	item/magma_cream
magma_cube_spawn_egg	items	item/magma_cube_spawn_egg
mangrove_boat	items	item/mangrove_boat
mangrove_button	blocks	block/mangrove_planks
mangrove_chest_boat	items	item/mangrove_chest_boat
mangrove_door	items	item/mangrove_door
mangrove_fence	blocks	block/mangrove_planks
mangrove_fence_gate	blocks	block/mangrove_planks
mangrove_hanging_sign	items	item/mangrove_hanging_sign
mangrove_leaves	blocks	block/mangrove_leaves
mangrove_log	blocks	block/mangrove_log
mangrove_planks	blocks	block/mangrove_planks
mangrove_pressure_plate	blocks	block/mangrove_planks
mangrove_propagule	items	item/mangrove_propagule
mangrove_roots	blocks	block/mangrove_roots_side
mangrove_shelf	blocks	block/mangrove_shelf
mangrove_sign	items	item/mangrove_sign
mangrove_slab	blocks	block/mangrove_planks
mangrove_stairs	blocks	block/mangrove_planks
mangrove_trapdoor	blocks	block/mangrove_trapdoor
mangrove_wood	blocks	block/mangrove_log
map	items	item/map
medium_amethyst_bud	blocks	block/medium_amethyst_bud
melon	blocks	block/melon_side
melon_seeds	items	item/melon_seeds
melon_slice	items	item/melon_slice
milk_bucket	items	item/milk_bucket
minecart	items	item/minecart
miner_pottery_sherd	items	item/miner_pottery_sherd
mojang_banner_pattern	items	item/mojang_banner_pattern
mooshroom_spawn_egg	items	item/mooshroom_spawn_egg
moss_block	blocks	block/moss_block
moss_carpet	blocks	block/moss_block
mossy_cobblestone	blocks	block/mossy_cobblestone
mossy_cobblestone_slab	blocks	block/mossy_cobblestone
mossy_cobblestone_stairs	blocks	block/mossy_cobblestone
mossy_cobblestone_wall	blocks	block/mossy_cobblestone
mossy_stone_brick_slab	blocks	block/mossy_stone_bricks
mossy_stone_brick_stairs	blocks	block/mossy_stone_bricks
mossy_stone_brick_wall	blocks	block/mossy_stone_bricks
mossy_stone_bricks	blocks	block/mossy_stone_bricks
mourner_pottery_sherd	items	item/mourner_pottery_sherd
mud	blocks	block/mud
mud_brick_slab	blocks	block/mud_bricks
mud_brick_stairs	blocks	block/mud_bricks
mud_brick_wall	blocks	block/mud_bricks
mud_bricks	blocks	block/mud_bricks
muddy_mangrove_roots	blocks	block/muddy_mangrove_roots_side
mule_spawn_egg	items	item/mule_spawn_egg
mushroom_stem	blocks	block/mushroom_stem
mushroom_stew	items	item/mushroom_stew
music_disc_11	items	item/music_disc_11
music_disc_13	items	item/music_disc_13
music_disc_5	items	item/music_disc_5
music_disc_blocks	items	item/music_disc_blocks
music_disc_bounce	items	item/music_disc_bounce
music_disc_cat	items	item/music_disc_cat
music_disc_chirp	items	item/music_disc_chirp
music_disc_creator	items	item/music_disc_creator
music_disc_creator_music_box	items	item/music_disc_creator_music_box
music_disc_far	items	item/music_disc_far
music_disc_lava_chicken	items	item/music_disc_lava_chicken
music_disc_mall	items	item/music_disc_mall
music_disc_mellohi	items	item/music_disc_mellohi
music_disc_otherside	items	item/music_disc_otherside
music_disc_pigstep	items	item/music_disc_pigstep
music_disc_precipice	items	item/music_disc_precipice
music_disc_relic	items	item/music_disc_relic
music_disc_stal	items	item/music_disc_stal
music_disc_strad	items	item/music_disc_strad
music_disc_tears	items	item/music_disc_tears
music_disc_wait	items	item/music_disc_wait
music_disc_ward	items	item/music_disc_ward
mutton	items	item/mutton
mycelium	blocks	block/mycelium_side
name_tag	items	item/name_tag
nautilus_shell	items	item/nautilus_shell
nautilus_spawn_egg	items	item/nautilus_spawn_egg
nether_brick	items	item/nether_brick
nether_brick_fence	blocks	block/nether_bricks
nether_brick_slab	blocks	block/nether_bricks
nether_brick_stairs	blocks	block/nether_bricks
nether_brick_wall	blocks	block/nether_bricks
nether_bricks	blocks	block/nether_bricks
nether_gold_ore	blocks	block/nether_gold_ore
nether_quartz_ore	blocks	block/nether_quartz_ore
nether_sprouts	items	item/nether_sprouts
nether_star	items	item/nether_star
nether_wart	items	item/nether_wart
nether_wart_block	blocks	block/nether_wart_block
netherite_axe	items	item/netherite_axe
netherite_block	blocks	block/netherite_block
netherite_boots	items	item/netherite_boots
netherite_chestplate	items	item/netherite_chestplate
netherite_helmet	items	item/netherite_helmet
netherite_hoe	items	item/netherite_hoe
netherite_horse_armor	items	item/netherite_horse_armor
netherite_ingot	items	item/netherite_ingot
netherite_leggings	items	item/netherite_leggings
netherite_nautilus_armor	items	item/netherite_nautilus_armor
netherite_pickaxe	items	item/netherite_pickaxe
netherite_scrap	items	item/netherite_scrap
netherite_shovel	items	item/netherite_shovel
netherite_spear	items	item/netherite_spear
netherite_sword	items	item/netherite_sword
netherite_upgrade_smithing_template	items	item/netherite_upgrade_smithing_template
netherrack	blocks	block/netherrack
note_block	blocks	block/note_block
oak_boat	items	item/oak_boat
oak_button	blocks	block/oak_planks
oak_chest_boat	items	item/oak_chest_boat
oak_door	items	item/oak_door
oak_fence	blocks	block/oak_planks
oak_fence_gate	blocks	block/oak_planks
oak_hanging_sign	items	item/oak_hanging_sign
oak_leaves	blocks	block/oak_leaves
oak_log	blocks	block/oak_log
oak_planks	blocks	block/oak_planks
oak_pressure_plate	blocks	block/oak_planks
oak_sapling	blocks	block/oak_sapling
oak_shelf	blocks	block/oak_shelf
oak_sign	items	item/oak_sign
oak_slab	blocks	block/oak_planks
oak_stairs	blocks	block/oak_planks
oak_trapdoor	blocks	block/oak_trapdoor
oak_wood	blocks	block/oak_log
observer	blocks	block/observer_side
obsidian	blocks	block/obsidian
ocean_monument_map	items	item/ocean_monument_map
ocelot_spawn_egg	items	item/ocelot_spawn_egg
ochre_froglight	blocks	block/ochre_froglight_side
ominous_bottle	items	item/ominous_bottle
ominous_trial_key	items	item/ominous_trial_key
open_eyeblossom	blocks	block/open_eyeblossom
orange_bed	blocks	block/bed_head_north
orange_bundle	items	item/orange_bundle
orange_candle	items	item/orange_candle
orange_carpet	blocks	block/orange_wool
orange_concrete	blocks	block/orange_concrete
orange_concrete_powder	blocks	block/orange_concrete_powder
orange_concrete_slab	blocks	block/orange_concrete
orange_concrete_stairs	blocks	block/orange_concrete
orange_cushion	items	item/orange_cushion
orange_dye	items	item/orange_dye
orange_glazed_terracotta	blocks	block/orange_glazed_terracotta
orange_harness	items	item/orange_harness
orange_poplar_leaves	blocks	block/orange_poplar_leaves
orange_stained_glass	blocks	block/orange_stained_glass
orange_stained_glass_pane	blocks	block/orange_stained_glass
orange_terracotta	blocks	block/orange_terracotta
orange_tulip	blocks	block/orange_tulip
orange_wool	blocks	block/orange_wool
orange_wool_slab	blocks	block/orange_wool
orange_wool_stairs	blocks	block/orange_wool
oxeye_daisy	blocks	block/oxeye_daisy
oxidized_chiseled_copper	blocks	block/oxidized_chiseled_copper
oxidized_copper	blocks	block/oxidized_copper
oxidized_copper_bars	blocks	block/oxidized_copper_bars
oxidized_copper_bulb	blocks	block/oxidized_copper_bulb
oxidized_copper_chain	items	item/oxidized_copper_chain
oxidized_copper_door	items	item/oxidized_copper_door
oxidized_copper_grate	blocks	block/oxidized_copper_grate
oxidized_copper_lantern	items	item/oxidized_copper_lantern
oxidized_copper_trapdoor	blocks	block/oxidized_copper_trapdoor
oxidized_cut_copper	blocks	block/oxidized_cut_copper
oxidized_cut_copper_slab	blocks	block/oxidized_cut_copper
oxidized_cut_copper_stairs	blocks	block/oxidized_cut_copper
oxidized_lightning_rod	blocks	block/oxidized_lightning_rod
packed_ice	blocks	block/packed_ice
packed_mud	blocks	block/packed_mud
painting	items	item/painting
pale_hanging_moss	blocks	block/pale_hanging_moss
pale_moss_block	blocks	block/pale_moss_block
pale_moss_carpet	blocks	block/pale_moss_carpet
pale_oak_boat	items	item/pale_oak_boat
pale_oak_button	blocks	block/pale_oak_planks
pale_oak_chest_boat	items	item/pale_oak_chest_boat
pale_oak_door	items	item/pale_oak_door
pale_oak_fence	blocks	block/pale_oak_planks
pale_oak_fence_gate	blocks	block/pale_oak_planks
pale_oak_hanging_sign	items	item/pale_oak_hanging_sign
pale_oak_leaves	blocks	block/pale_oak_leaves
pale_oak_log	blocks	block/pale_oak_log
pale_oak_planks	blocks	block/pale_oak_planks
pale_oak_pressure_plate	blocks	block/pale_oak_planks
pale_oak_sapling	blocks	block/pale_oak_sapling
pale_oak_shelf	blocks	block/pale_oak_shelf
pale_oak_sign	items	item/pale_oak_sign
pale_oak_slab	blocks	block/pale_oak_planks
pale_oak_stairs	blocks	block/pale_oak_planks
pale_oak_trapdoor	blocks	block/pale_oak_trapdoor
pale_oak_wood	blocks	block/pale_oak_log
panda_spawn_egg	items	item/panda_spawn_egg
paper	items	item/paper
parched_spawn_egg	items	item/parched_spawn_egg
parrot_spawn_egg	items	item/parrot_spawn_egg
pearlescent_froglight	blocks	block/pearlescent_froglight_side
peony	blocks	block/peony_top
petrified_oak_slab	blocks	block/oak_planks
phantom_membrane	items	item/phantom_membrane
phantom_spawn_egg	items	item/phantom_spawn_egg
pig_spawn_egg	items	item/pig_spawn_egg
piglin_banner_pattern	items	item/piglin_banner_pattern
piglin_brute_spawn_egg	items	item/piglin_brute_spawn_egg
piglin_spawn_egg	items	item/piglin_spawn_egg
pillager_spawn_egg	items	item/pillager_spawn_egg
pink_bed	blocks	block/bed_head_north
pink_bundle	items	item/pink_bundle
pink_candle	items	item/pink_candle
pink_carpet	blocks	block/pink_wool
pink_concrete	blocks	block/pink_concrete
pink_concrete_powder	blocks	block/pink_concrete_powder
pink_concrete_slab	blocks	block/pink_concrete
pink_concrete_stairs	blocks	block/pink_concrete
pink_cushion	items	item/pink_cushion
pink_dye	items	item/pink_dye
pink_glazed_terracotta	blocks	block/pink_glazed_terracotta
pink_harness	items	item/pink_harness
pink_petals	items	item/pink_petals
pink_stained_glass	blocks	block/pink_stained_glass
pink_stained_glass_pane	blocks	block/pink_stained_glass
pink_terracotta	blocks	block/pink_terracotta
pink_tulip	blocks	block/pink_tulip
pink_wool	blocks	block/pink_wool
pink_wool_slab	blocks	block/pink_wool
pink_wool_stairs	blocks	block/pink_wool
piston	blocks	block/piston_side
pitcher_plant	items	item/pitcher_plant
pitcher_pod	items	item/pitcher_pod
plains_village_map	items	item/plains_village_map
plenty_pottery_sherd	items	item/plenty_pottery_sherd
podzol	blocks	block/podzol_side
pointed_dripstone	items	item/pointed_dripstone
poisonous_potato	items	item/poisonous_potato
polar_bear_spawn_egg	items	item/polar_bear_spawn_egg
polished_andesite	blocks	block/polished_andesite
polished_andesite_slab	blocks	block/polished_andesite
polished_andesite_stairs	blocks	block/polished_andesite
polished_basalt	blocks	block/polished_basalt_side
polished_blackstone	blocks	block/polished_blackstone
polished_blackstone_brick_slab	blocks	block/polished_blackstone_bricks
polished_blackstone_brick_stairs	blocks	block/polished_blackstone_bricks
polished_blackstone_brick_wall	blocks	block/polished_blackstone_bricks
polished_blackstone_bricks	blocks	block/polished_blackstone_bricks
polished_blackstone_button	blocks	block/polished_blackstone
polished_blackstone_pressure_plate	blocks	block/polished_blackstone
polished_blackstone_slab	blocks	block/polished_blackstone
polished_blackstone_stairs	blocks	block/polished_blackstone
polished_blackstone_wall	blocks	block/polished_blackstone
polished_cinnabar	blocks	block/polished_cinnabar
polished_cinnabar_slab	blocks	block/polished_cinnabar
polished_cinnabar_stairs	blocks	block/polished_cinnabar
polished_cinnabar_wall	blocks	block/polished_cinnabar
polished_deepslate	blocks	block/polished_deepslate
polished_deepslate_slab	blocks	block/polished_deepslate
polished_deepslate_stairs	blocks	block/polished_deepslate
polished_deepslate_wall	blocks	block/polished_deepslate
polished_diorite	blocks	block/polished_diorite
polished_diorite_slab	blocks	block/polished_diorite
polished_diorite_stairs	blocks	block/polished_diorite
polished_granite	blocks	block/polished_granite
polished_granite_slab	blocks	block/polished_granite
polished_granite_stairs	blocks	block/polished_granite
polished_sulfur	blocks	block/polished_sulfur
polished_sulfur_slab	blocks	block/polished_sulfur
polished_sulfur_stairs	blocks	block/polished_sulfur
polished_sulfur_wall	blocks	block/polished_sulfur
polished_tuff	blocks	block/polished_tuff
polished_tuff_slab	blocks	block/polished_tuff
polished_tuff_stairs	blocks	block/polished_tuff
polished_tuff_wall	blocks	block/polished_tuff
poplar_boat	items	item/poplar_boat
poplar_button	blocks	block/poplar_planks
poplar_chest_boat	items	item/poplar_chest_boat
poplar_door	items	item/poplar_door
poplar_fence	blocks	block/poplar_planks
poplar_fence_gate	blocks	block/poplar_planks
poplar_hanging_sign	items	item/poplar_hanging_sign
poplar_log	blocks	block/poplar_log
poplar_planks	blocks	block/poplar_planks
poplar_pressure_plate	blocks	block/poplar_planks
poplar_sapling	blocks	block/poplar_sapling
poplar_shelf	blocks	block/poplar_shelf
poplar_sign	items	item/poplar_sign
poplar_slab	blocks	block/poplar_planks
poplar_stairs	blocks	block/poplar_planks
poplar_trapdoor	blocks	block/poplar_trapdoor
poplar_wood	blocks	block/poplar_log
popped_chorus_fruit	items	item/popped_chorus_fruit
poppy	blocks	block/poppy
porkchop	items	item/porkchop
potato	items	item/potato
potent_sulfur	blocks	block/potent_sulfur
potion	items	item/potion
powder_snow_bucket	items	item/powder_snow_bucket
powered_rail	blocks	block/powered_rail
prismarine	blocks	block/prismarine
prismarine_brick_slab	blocks	block/prismarine_bricks
prismarine_brick_stairs	blocks	block/prismarine_bricks
prismarine_bricks	blocks	block/prismarine_bricks
prismarine_crystals	items	item/prismarine_crystals
prismarine_shard	items	item/prismarine_shard
prismarine_slab	blocks	block/prismarine
prismarine_stairs	blocks	block/prismarine
prismarine_wall	blocks	block/prismarine
prize_pottery_sherd	items	item/prize_pottery_sherd
pufferfish	items	item/pufferfish
pufferfish_bucket	items	item/pufferfish_bucket
pufferfish_spawn_egg	items	item/pufferfish_spawn_egg
pumpkin	blocks	block/pumpkin_side
pumpkin_pie	items	item/pumpkin_pie
pumpkin_seeds	items	item/pumpkin_seeds
purple_bed	blocks	block/bed_head_north
purple_bundle	items	item/purple_bundle
purple_candle	items	item/purple_candle
purple_carpet	blocks	block/purple_wool
purple_concrete	blocks	block/purple_concrete
purple_concrete_powder	blocks	block/purple_concrete_powder
purple_concrete_slab	blocks	block/purple_concrete
purple_concrete_stairs	blocks	block/purple_concrete
purple_cushion	items	item/purple_cushion
purple_dye	items	item/purple_dye
purple_glazed_terracotta	blocks	block/purple_glazed_terracotta
purple_harness	items	item/purple_harness
purple_stained_glass	blocks	block/purple_stained_glass
purple_stained_glass_pane	blocks	block/purple_stained_glass
purple_terracotta	blocks	block/purple_terracotta
purple_wool	blocks	block/purple_wool
purple_wool_slab	blocks	block/purple_wool
purple_wool_stairs	blocks	block/purple_wool
purpur_block	blocks	block/purpur_block
purpur_pillar	blocks	block/purpur_pillar_side
purpur_slab	blocks	block/purpur_block
purpur_stairs	blocks	block/purpur_block
quartz	items	item/quartz
quartz_block	blocks	block/quartz_block_side
quartz_bricks	blocks	block/quartz_bricks
quartz_pillar	blocks	block/quartz_pillar_side
quartz_slab	blocks	block/quartz_block_side
quartz_stairs	blocks	block/quartz_block_side
rabbit	items	item/rabbit
rabbit_foot	items	item/rabbit_foot
rabbit_hide	items	item/rabbit_hide
rabbit_spawn_egg	items	item/rabbit_spawn_egg
rabbit_stew	items	item/rabbit_stew
rail	blocks	block/rail
raiser_armor_trim_smithing_template	items	item/raiser_armor_trim_smithing_template
ravager_spawn_egg	items	item/ravager_spawn_egg
raw_copper	items	item/raw_copper
raw_copper_block	blocks	block/raw_copper_block
raw_gold	items	item/raw_gold
raw_gold_block	blocks	block/raw_gold_block
raw_iron	items	item/raw_iron
raw_iron_block	blocks	block/raw_iron_block
recovery_compass	items	item/recovery_compass_16
red_bed	blocks	block/bed_head_north
red_bundle	items	item/red_bundle
red_candle	items	item/red_candle
red_carpet	blocks	block/red_wool
red_concrete	blocks	block/red_concrete
red_concrete_powder	blocks	block/red_concrete_powder
red_concrete_slab	blocks	block/red_concrete
red_concrete_stairs	blocks	block/red_concrete
red_cushion	items	item/red_cushion
red_dye	items	item/red_dye
red_glazed_terracotta	blocks	block/red_glazed_terracotta
red_harness	items	item/red_harness
red_mushroom	blocks	block/red_mushroom
red_mushroom_block	blocks	block/red_mushroom_block
red_nether_brick_slab	blocks	block/red_nether_bricks
red_nether_brick_stairs	blocks	block/red_nether_bricks
red_nether_brick_wall	blocks	block/red_nether_bricks
red_nether_bricks	blocks	block/red_nether_bricks
red_poplar_leaves	blocks	block/red_poplar_leaves
red_sand	blocks	block/red_sand
red_sandstone	blocks	block/red_sandstone
red_sandstone_slab	blocks	block/red_sandstone
red_sandstone_stairs	blocks	block/red_sandstone
red_sandstone_wall	blocks	block/red_sandstone
red_shrub	blocks	block/red_shrub
red_stained_glass	blocks	block/red_stained_glass
red_stained_glass_pane	blocks	block/red_stained_glass
red_terracotta	blocks	block/red_terracotta
red_tulip	blocks	block/red_tulip
red_wool	blocks	block/red_wool
red_wool_slab	blocks	block/red_wool
red_wool_stairs	blocks	block/red_wool
redstone	items	item/redstone
redstone_block	blocks	block/redstone_block
redstone_lamp	blocks	block/redstone_lamp
redstone_ore	blocks	block/redstone_ore
redstone_torch	blocks	block/redstone_torch
reinforced_deepslate	blocks	block/reinforced_deepslate_side
repeater	items	item/repeater
repeating_command_block	blocks	block/repeating_command_block_side
resin_block	blocks	block/resin_block
resin_brick	items	item/resin_brick
resin_brick_slab	blocks	block/resin_bricks
resin_brick_stairs	blocks	block/resin_bricks
resin_brick_wall	blocks	block/resin_bricks
resin_bricks	blocks	block/resin_bricks
resin_clump	items	item/resin_clump
respawn_anchor	blocks	block/respawn_anchor_side0
rib_armor_trim_smithing_template	items	item/rib_armor_trim_smithing_template
rooted_dirt	blocks	block/rooted_dirt
rose_bush	blocks	block/rose_bush_top
rotten_flesh	items	item/rotten_flesh
saddle	items	item/saddle
salmon	items	item/salmon
salmon_bucket	items	item/salmon_bucket
salmon_spawn_egg	items	item/salmon_spawn_egg
sand	blocks	block/sand
sandstone	blocks	block/sandstone
sandstone_slab	blocks	block/sandstone
sandstone_stairs	blocks	block/sandstone
sandstone_wall	blocks	block/sandstone
savanna_village_map	items	item/savanna_village_map
scaffolding	blocks	block/scaffolding_side
scrape_pottery_sherd	items	item/scrape_pottery_sherd
sculk	blocks	block/sculk
sculk_catalyst	blocks	block/sculk_catalyst_side
sculk_sensor	blocks	block/sculk_sensor_side
sculk_shrieker	blocks	block/sculk_shrieker_side
sculk_vein	blocks	block/sculk_vein
sea_lantern	blocks	block/sea_lantern
sea_pickle	items	item/sea_pickle
seagrass	items	item/seagrass
sentry_armor_trim_smithing_template	items	item/sentry_armor_trim_smithing_template
shaper_armor_trim_smithing_template	items	item/shaper_armor_trim_smithing_template
sheaf_pottery_sherd	items	item/sheaf_pottery_sherd
shears	items	item/shears
sheep_spawn_egg	items	item/sheep_spawn_egg
shelf_mushroom	blocks	block/shelf_mushroom_stage0
shelter_pottery_sherd	items	item/shelter_pottery_sherd
short_dry_grass	blocks	block/short_dry_grass
short_grass	blocks	block/short_grass
shroomlight	blocks	block/shroomlight
shulker_shell	items	item/shulker_shell
shulker_spawn_egg	items	item/shulker_spawn_egg
silence_armor_trim_smithing_template	items	item/silence_armor_trim_smithing_template
silverfish_spawn_egg	items	item/silverfish_spawn_egg
skeleton_horse_spawn_egg	items	item/skeleton_horse_spawn_egg
skeleton_spawn_egg	items	item/skeleton_spawn_egg
skull_banner_pattern	items	item/skull_banner_pattern
skull_pottery_sherd	items	item/skull_pottery_sherd
slime_ball	items	item/slime_ball
slime_block	blocks	block/slime_block
slime_spawn_egg	items	item/slime_spawn_egg
small_amethyst_bud	blocks	block/small_amethyst_bud
small_dripleaf	blocks	block/small_dripleaf_side
smithing_table	blocks	block/smithing_table_front
smoker	blocks	block/smoker_side
smooth_basalt	blocks	block/smooth_basalt
smooth_quartz	blocks	block/quartz_block_bottom
smooth_quartz_slab	blocks	block/quartz_block_bottom
smooth_quartz_stairs	blocks	block/quartz_block_bottom
smooth_red_sandstone	blocks	block/red_sandstone_top
smooth_red_sandstone_slab	blocks	block/red_sandstone_top
smooth_red_sandstone_stairs	blocks	block/red_sandstone_top
smooth_sandstone	blocks	block/sandstone_top
smooth_sandstone_slab	blocks	block/sandstone_top
smooth_sandstone_stairs	blocks	block/sandstone_top
smooth_stone	blocks	block/smooth_stone
smooth_stone_slab	blocks	block/smooth_stone_slab_side
sniffer_egg	items	item/sniffer_egg
sniffer_spawn_egg	items	item/sniffer_spawn_egg
snort_pottery_sherd	items	item/snort_pottery_sherd
snout_armor_trim_smithing_template	items	item/snout_armor_trim_smithing_template
snow	blocks	block/snow
snow_block	blocks	block/snow
snow_golem_spawn_egg	items	item/snow_golem_spawn_egg
snowball	items	item/snowball
snowy_village_map	items	item/snowy_village_map
soul_campfire	items	item/soul_campfire
soul_lantern	items	item/soul_lantern
soul_sand	blocks	block/soul_sand
soul_soil	blocks	block/soul_soil
soul_torch	blocks	block/soul_torch
spawner	blocks	block/spawner
spectral_arrow	items	item/spectral_arrow
spider_eye	items	item/spider_eye
spider_spawn_egg	items	item/spider_spawn_egg
spire_armor_trim_smithing_template	items	item/spire_armor_trim_smithing_template
splash_potion	items	item/splash_potion
sponge	blocks	block/sponge
spore_blossom	blocks	block/spore_blossom
spruce_boat	items	item/spruce_boat
spruce_button	blocks	block/spruce_planks
spruce_chest_boat	items	item/spruce_chest_boat
spruce_door	items	item/spruce_door
spruce_fence	blocks	block/spruce_planks
spruce_fence_gate	blocks	block/spruce_planks
spruce_hanging_sign	items	item/spruce_hanging_sign
spruce_leaves	blocks	block/spruce_leaves
spruce_log	blocks	block/spruce_log
spruce_planks	blocks	block/spruce_planks
spruce_pressure_plate	blocks	block/spruce_planks
spruce_sapling	blocks	block/spruce_sapling
spruce_shelf	blocks	block/spruce_shelf
spruce_sign	items	item/spruce_sign
spruce_slab	blocks	block/spruce_planks
spruce_stairs	blocks	block/spruce_planks
spruce_trapdoor	blocks	block/spruce_trapdoor
spruce_wood	blocks	block/spruce_log
spyglass	items	item/spyglass
squid_spawn_egg	items	item/squid_spawn_egg
stick	items	item/stick
sticky_piston	blocks	block/piston_side
stone	blocks	block/stone
stone_axe	items	item/stone_axe
stone_brick_slab	blocks	block/stone_bricks
stone_brick_stairs	blocks	block/stone_bricks
stone_brick_wall	blocks	block/stone_bricks
stone_bricks	blocks	block/stone_bricks
stone_button	blocks	block/stone
stone_hoe	items	item/stone_hoe
stone_pickaxe	items	item/stone_pickaxe
stone_pressure_plate	blocks	block/stone
stone_shovel	items	item/stone_shovel
stone_slab	blocks	block/stone
stone_spear	items	item/stone_spear
stone_stairs	blocks	block/stone
stone_sword	items	item/stone_sword
stonecutter	blocks	block/stonecutter_side
straw_bed	blocks	block/straw_bed
stray_spawn_egg	items	item/stray_spawn_egg
strider_spawn_egg	items	item/strider_spawn_egg
string	items	item/string
stripped_acacia_log	blocks	block/stripped_acacia_log
stripped_acacia_wood	blocks	block/stripped_acacia_log
stripped_bamboo_block	blocks	block/stripped_bamboo_block
stripped_birch_log	blocks	block/stripped_birch_log
stripped_birch_wood	blocks	block/stripped_birch_log
stripped_cherry_log	blocks	block/stripped_cherry_log
stripped_cherry_wood	blocks	block/stripped_cherry_log
stripped_crimson_hyphae	blocks	block/stripped_crimson_stem
stripped_crimson_stem	blocks	block/stripped_crimson_stem
stripped_dark_oak_log	blocks	block/stripped_dark_oak_log
stripped_dark_oak_wood	blocks	block/stripped_dark_oak_log
stripped_jungle_log	blocks	block/stripped_jungle_log
stripped_jungle_wood	blocks	block/stripped_jungle_log
stripped_mangrove_log	blocks	block/stripped_mangrove_log
stripped_mangrove_wood	blocks	block/stripped_mangrove_log
stripped_oak_log	blocks	block/stripped_oak_log
stripped_oak_wood	blocks	block/stripped_oak_log
stripped_pale_oak_log	blocks	block/stripped_pale_oak_log
stripped_pale_oak_wood	blocks	block/stripped_pale_oak_log
stripped_poplar_log	blocks	block/stripped_poplar_log
stripped_poplar_wood	blocks	block/stripped_poplar_log
stripped_spruce_log	blocks	block/stripped_spruce_log
stripped_spruce_wood	blocks	block/stripped_spruce_log
stripped_warped_hyphae	blocks	block/stripped_warped_stem
stripped_warped_stem	blocks	block/stripped_warped_stem
structure_block	blocks	block/structure_block
structure_void	items	item/structure_void
sugar	items	item/sugar
sugar_cane	items	item/sugar_cane
sulfur	blocks	block/sulfur
sulfur_brick_slab	blocks	block/sulfur_bricks
sulfur_brick_stairs	blocks	block/sulfur_bricks
sulfur_brick_wall	blocks	block/sulfur_bricks
sulfur_bricks	blocks	block/sulfur_bricks
sulfur_cube_bucket	items	item/sulfur_cube_bucket
sulfur_cube_spawn_egg	items	item/sulfur_cube_spawn_egg
sulfur_slab	blocks	block/sulfur
sulfur_spike	items	item/sulfur_spike
sulfur_stairs	blocks	block/sulfur
sulfur_wall	blocks	block/sulfur
sunflower	blocks	block/sunflower_front
suspicious_gravel	blocks	block/suspicious_gravel_0
suspicious_sand	blocks	block/suspicious_sand_0
suspicious_stew	items	item/suspicious_stew
swamp_hut_map	items	item/swamp_hut_map
sweet_berries	items	item/sweet_berries
tadpole_bucket	items	item/tadpole_bucket
tadpole_spawn_egg	items	item/tadpole_spawn_egg
taiga_village_map	items	item/taiga_village_map
tall_dry_grass	blocks	block/tall_dry_grass
tall_grass	blocks	block/tall_grass_top
target	blocks	block/target_side
terracotta	blocks	block/terracotta
test_block	blocks	block/test_block_start
test_instance_block	blocks	block/test_instance_block
tide_armor_trim_smithing_template	items	item/tide_armor_trim_smithing_template
tinted_glass	blocks	block/tinted_glass
tipped_arrow	items	item/tipped_arrow_head
tnt	blocks	block/tnt_side
tnt_minecart	items	item/tnt_minecart
torch	blocks	block/torch
torchflower	blocks	block/torchflower
torchflower_seeds	items	item/torchflower_seeds
totem_of_undying	items	item/totem_of_undying
trader_llama_spawn_egg	items	item/trader_llama_spawn_egg
trial_key	items	item/trial_key
trial_spawner	blocks	block/trial_spawner_side_inactive
trident	items	item/trident
tripwire_hook	blocks	block/tripwire_hook
tropical_fish	items	item/tropical_fish
tropical_fish_bucket	items	item/tropical_fish_bucket
tropical_fish_spawn_egg	items	item/tropical_fish_spawn_egg
tube_coral	blocks	block/tube_coral
tube_coral_block	blocks	block/tube_coral_block
tube_coral_fan	blocks	block/tube_coral_fan
tuff	blocks	block/tuff
tuff_brick_slab	blocks	block/tuff_bricks
tuff_brick_stairs	blocks	block/tuff_bricks
tuff_brick_wall	blocks	block/tuff_bricks
tuff_bricks	blocks	block/tuff_bricks
tuff_slab	blocks	block/tuff
tuff_stairs	blocks	block/tuff
tuff_wall	blocks	block/tuff
turtle_egg	items	item/turtle_egg
turtle_helmet	items	item/turtle_helmet
turtle_scute	items	item/turtle_scute
turtle_spawn_egg	items	item/turtle_spawn_egg
twisting_vines	blocks	block/twisting_vines_plant
vault	blocks	block/vault_side_off
verdant_froglight	blocks	block/verdant_froglight_side
vex_armor_trim_smithing_template	items	item/vex_armor_trim_smithing_template
vex_spawn_egg	items	item/vex_spawn_egg
villager_spawn_egg	items	item/villager_spawn_egg
vindicator_spawn_egg	items	item/vindicator_spawn_egg
vine	blocks	block/vine
wandering_trader_spawn_egg	items	item/wandering_trader_spawn_egg
ward_armor_trim_smithing_template	items	item/ward_armor_trim_smithing_template
warden_spawn_egg	items	item/warden_spawn_egg
warm_ocean_ruins_map	items	item/warm_ocean_ruins_map
warped_button	blocks	block/warped_planks
warped_door	items	item/warped_door
warped_fence	blocks	block/warped_planks
warped_fence_gate	blocks	block/warped_planks
warped_fungus	blocks	block/warped_fungus
warped_fungus_on_a_stick	items	item/warped_fungus_on_a_stick
warped_hanging_sign	items	item/warped_hanging_sign
warped_hyphae	blocks	block/warped_stem
warped_nylium	blocks	block/warped_nylium_side
warped_planks	blocks	block/warped_planks
warped_pressure_plate	blocks	block/warped_planks
warped_roots	blocks	block/warped_roots
warped_shelf	blocks	block/warped_shelf
warped_sign	items	item/warped_sign
warped_slab	blocks	block/warped_planks
warped_stairs	blocks	block/warped_planks
warped_stem	blocks	block/warped_stem
warped_trapdoor	blocks	block/warped_trapdoor
warped_wart_block	blocks	block/warped_wart_block
water_bucket	items	item/water_bucket
waxed_chiseled_copper	blocks	block/chiseled_copper
waxed_copper_bars	blocks	block/copper_bars
waxed_copper_block	blocks	block/copper_block
waxed_copper_bulb	blocks	block/copper_bulb
waxed_copper_chain	items	item/copper_chain
waxed_copper_door	items	item/copper_door
waxed_copper_grate	blocks	block/copper_grate
waxed_copper_lantern	items	item/copper_lantern
waxed_copper_trapdoor	blocks	block/copper_trapdoor
waxed_cut_copper	blocks	block/cut_copper
waxed_cut_copper_slab	blocks	block/cut_copper
waxed_cut_copper_stairs	blocks	block/cut_copper
waxed_exposed_chiseled_copper	blocks	block/exposed_chiseled_copper
waxed_exposed_copper	blocks	block/exposed_copper
waxed_exposed_copper_bars	blocks	block/exposed_copper_bars
waxed_exposed_copper_bulb	blocks	block/exposed_copper_bulb
waxed_exposed_copper_chain	items	item/exposed_copper_chain
waxed_exposed_copper_door	items	item/exposed_copper_door
waxed_exposed_copper_grate	blocks	block/exposed_copper_grate
waxed_exposed_copper_lantern	items	item/exposed_copper_lantern
waxed_exposed_copper_trapdoor	blocks	block/exposed_copper_trapdoor
waxed_exposed_cut_copper	blocks	block/exposed_cut_copper
waxed_exposed_cut_copper_slab	blocks	block/exposed_cut_copper
waxed_exposed_cut_copper_stairs	blocks	block/exposed_cut_copper
waxed_exposed_lightning_rod	blocks	block/exposed_lightning_rod
waxed_lightning_rod	blocks	block/lightning_rod
waxed_oxidized_chiseled_copper	blocks	block/oxidized_chiseled_copper
waxed_oxidized_copper	blocks	block/oxidized_copper
waxed_oxidized_copper_bars	blocks	block/oxidized_copper_bars
waxed_oxidized_copper_bulb	blocks	block/oxidized_copper_bulb
waxed_oxidized_copper_chain	items	item/oxidized_copper_chain
waxed_oxidized_copper_door	items	item/oxidized_copper_door
waxed_oxidized_copper_grate	blocks	block/oxidized_copper_grate
waxed_oxidized_copper_lantern	items	item/oxidized_copper_lantern
waxed_oxidized_copper_trapdoor	blocks	block/oxidized_copper_trapdoor
waxed_oxidized_cut_copper	blocks	block/oxidized_cut_copper
waxed_oxidized_cut_copper_slab	blocks	block/oxidized_cut_copper
waxed_oxidized_cut_copper_stairs	blocks	block/oxidized_cut_copper
waxed_oxidized_lightning_rod	blocks	block/oxidized_lightning_rod
waxed_weathered_chiseled_copper	blocks	block/weathered_chiseled_copper
waxed_weathered_copper	blocks	block/weathered_copper
waxed_weathered_copper_bars	blocks	block/weathered_copper_bars
waxed_weathered_copper_bulb	blocks	block/weathered_copper_bulb
waxed_weathered_copper_chain	items	item/weathered_copper_chain
waxed_weathered_copper_door	items	item/weathered_copper_door
waxed_weathered_copper_grate	blocks	block/weathered_copper_grate
waxed_weathered_copper_lantern	items	item/weathered_copper_lantern
waxed_weathered_copper_trapdoor	blocks	block/weathered_copper_trapdoor
waxed_weathered_cut_copper	blocks	block/weathered_cut_copper
waxed_weathered_cut_copper_slab	blocks	block/weathered_cut_copper
waxed_weathered_cut_copper_stairs	blocks	block/weathered_cut_copper
waxed_weathered_lightning_rod	blocks	block/weathered_lightning_rod
wayfinder_armor_trim_smithing_template	items	item/wayfinder_armor_trim_smithing_template
weathered_chiseled_copper	blocks	block/weathered_chiseled_copper
weathered_copper	blocks	block/weathered_copper
weathered_copper_bars	blocks	block/weathered_copper_bars
weathered_copper_bulb	blocks	block/weathered_copper_bulb
weathered_copper_chain	items	item/weathered_copper_chain
weathered_copper_door	items	item/weathered_copper_door
weathered_copper_grate	blocks	block/weathered_copper_grate
weathered_copper_lantern	items	item/weathered_copper_lantern
weathered_copper_trapdoor	blocks	block/weathered_copper_trapdoor
weathered_cut_copper	blocks	block/weathered_cut_copper
weathered_cut_copper_slab	blocks	block/weathered_cut_copper
weathered_cut_copper_stairs	blocks	block/weathered_cut_copper
weathered_lightning_rod	blocks	block/weathered_lightning_rod
weeping_vines	blocks	block/weeping_vines_plant
wet_sponge	blocks	block/wet_sponge
wheat	items	item/wheat
wheat_seeds	items	item/wheat_seeds
white_bed	blocks	block/bed_head_north
white_bundle	items	item/white_bundle
white_candle	items	item/white_candle
white_carpet	blocks	block/white_wool
white_concrete	blocks	block/white_concrete
white_concrete_powder	blocks	block/white_concrete_powder
white_concrete_slab	blocks	block/white_concrete
white_concrete_stairs	blocks	block/white_concrete
white_cushion	items	item/white_cushion
white_dye	items	item/white_dye
white_glazed_terracotta	blocks	block/white_glazed_terracotta
white_harness	items	item/white_harness
white_stained_glass	blocks	block/white_stained_glass
white_stained_glass_pane	blocks	block/white_stained_glass
white_terracotta	blocks	block/white_terracotta
white_tulip	blocks	block/white_tulip
white_wool	blocks	block/white_wool
white_wool_slab	blocks	block/white_wool
white_wool_stairs	blocks	block/white_wool
wild_armor_trim_smithing_template	items	item/wild_armor_trim_smithing_template
wildflowers	items	item/wildflowers
wind_charge	items	item/wind_charge
witch_spawn_egg	items	item/witch_spawn_egg
wither_rose	blocks	block/wither_rose
wither_skeleton_spawn_egg	items	item/wither_skeleton_spawn_egg
wither_spawn_egg	items	item/wither_spawn_egg
wolf_armor	items	item/wolf_armor
wolf_spawn_egg	items	item/wolf_spawn_egg
wooden_axe	items	item/wooden_axe
wooden_hoe	items	item/wooden_hoe
wooden_pickaxe	items	item/wooden_pickaxe
wooden_shovel	items	item/wooden_shovel
wooden_spear	items	item/wooden_spear
wooden_sword	items	item/wooden_sword
woodland_mansion_map	items	item/woodland_mansion_map
writable_book	items	item/writable_book
written_book	items	item/written_book
yellow_bed	blocks	block/bed_head_north
yellow_bundle	items	item/yellow_bundle
yellow_candle	items	item/yellow_candle
yellow_carpet	blocks	block/yellow_wool
yellow_concrete	blocks	block/yellow_concrete
yellow_concrete_powder	blocks	block/yellow_concrete_powder
yellow_concrete_slab	blocks	block/yellow_concrete
yellow_concrete_stairs	blocks	block/yellow_concrete
yellow_cushion	items	item/yellow_cushion
yellow_dye	items	item/yellow_dye
yellow_glazed_terracotta	blocks	block/yellow_glazed_terracotta
yellow_harness	items	item/yellow_harness
yellow_poplar_leaves	blocks	block/yellow_poplar_leaves
yellow_stained_glass	blocks	block/yellow_stained_glass
yellow_stained_glass_pane	blocks	block/yellow_stained_glass
yellow_terracotta	blocks	block/yellow_terracotta
yellow_wool	blocks	block/yellow_wool
yellow_wool_slab	blocks	block/yellow_wool
yellow_wool_stairs	blocks	block/yellow_wool
zoglin_spawn_egg	items	item/zoglin_spawn_egg
zombie_horse_spawn_egg	items	item/zombie_horse_spawn_egg
zombie_nautilus_spawn_egg	items	item/zombie_nautilus_spawn_egg
zombie_spawn_egg	items	item/zombie_spawn_egg
zombie_villager_spawn_egg	items	item/zombie_villager_spawn_egg
zombified_piglin_spawn_egg	items	item/zombified_piglin_spawn_egg
